{"success":true,"terms":"https:\/\/currencylayer.com\/terms","privacy":"https:\/\/currencylayer.com\/privacy","timestamp":1489213868,"source":"USD","quotes":{"USDAED":3.672504,"USDAFN":66.639999,"USDALL":126.849998,"USDAMD":485.529999,"USDANG":1.790403,"USDAOA":165.084041,"USDARS":15.454041,"USDAUD":1.323604,"USDAWG":1.79,"USDAZN":1.747041,"USDBAM":1.835204,"USDBBD":2,"USDBDT":80.089996,"USDBGN":1.844104,"USDBHD":0.376904,"USDBIF":1690.23999,"USDBMD":1,"USDBND":1.410804,"USDBOB":6.870399,"USDBRL":3.137804,"USDBSD":1,"USDBTC":0.000867,"USDBTN":66.775002,"USDBWP":10.499204,"USDBYN":1.910398,"USDBYR":20020,"USDBZD":1.997704,"USDCAD":1.346304,"USDCDF":1325.000362,"USDCHF":1.010304,"USDCLF":0.02486,"USDCLP":663.440002,"USDCNY":6.904904,"USDCOP":2978,"USDCRC":555.349976,"USDCUC":1,"USDCUP":1.00036,"USDCVE":103.349998,"USDCZK":25.27404,"USDDJF":178.000359,"USDDKK":6.96109,"USDDOP":46.730393,"USDDZD":109.478996,"USDEEK":14.69204,"USDEGP":17.650392,"USDERN":15.290392,"USDETB":22.603874,"USDEUR":0.936704,"USDFJD":2.09404,"USDFKP":0.820904,"USDGBP":0.822104,"USDGEL":2.466704,"USDGGP":0.822206,"USDGHS":4.547104,"USDGIP":0.821204,"USDGMD":43.77039,"USDGNF":9328.000355,"USDGTQ":7.375504,"USDGYD":206.490005,"USDHKD":7.762804,"USDHNL":23.459999,"USDHRK":6.911104,"USDHTG":68.660004,"USDHUF":292.820007,"USDIDR":13376,"USDILS":3.668304,"USDIMP":0.822206,"USDINR":66.528999,"USDIQD":1181,"USDIRR":32420.000352,"USDISK":107.849998,"USDJEP":0.822206,"USDJMD":127.529999,"USDJOD":0.707904,"USDJPY":114.769997,"USDKES":102.349998,"USDKGS":69.172997,"USDKHR":3983.00035,"USDKMF":460.850006,"USDKPW":900.00035,"USDKRW":1147.310059,"USDKWD":0.305204,"USDKYD":0.820383,"USDKZT":316.660004,"USDLAK":8193.000349,"USDLBP":1505.599976,"USDLKR":151.250382,"USDLRD":91.000348,"USDLSL":13.180381,"USDLTL":3.048704,"USDLVL":0.62055,"USDLYD":1.432704,"USDMAD":10.035039,"USDMDL":19.735001,"USDMGA":3076.000347,"USDMKD":57.700001,"USDMMK":1372.000346,"USDMNT":2448.000346,"USDMOP":7.995704,"USDMRO":356.000346,"USDMUR":35.369999,"USDMVR":15.420378,"USDMWK":716.940002,"USDMXN":19.594999,"USDMYR":4.449039,"USDMZN":70.440002,"USDNAD":13.145039,"USDNGN":315.000344,"USDNIO":29.340377,"USDNOK":8.592039,"USDNPR":108.599998,"USDNZD":1.444304,"USDOMR":0.384404,"USDPAB":1,"USDPEN":3.282504,"USDPGK":3.170375,"USDPHP":50.209999,"USDPKR":104.610001,"USDPLN":4.056504,"USDPYG":5421.000341,"USDQAR":3.640804,"USDRON":4.252038,"USDRSD":116.597397,"USDRUB":58.855999,"USDRWF":816.549988,"USDSAR":3.748904,"USDSBD":7.764504,"USDSCR":13.532038,"USDSDG":6.667204,"USDSEK":9.006204,"USDSGD":1.41113,"USDSHP":0.821204,"USDSLL":7497.000338,"USDSOS":547.000338,"USDSRD":7.48037,"USDSTD":22963.699219,"USDSVC":8.722038,"USDSYP":514.97998,"USDSZL":13.145404,"USDTHB":35.330002,"USDTJS":8.084104,"USDTMT":3.4,"USDTND":2.279304,"USDTOP":2.285304,"USDTRY":3.730804,"USDTTD":6.689504,"USDTWD":31.027038,"USDTZS":2226.000335,"USDUAH":26.709999,"USDUGX":3589.000335,"USDUSD":1,"USDUYU":28.350367,"USDUZS":3450.000334,"USDVEF":9.975038,"USDVND":22759,"USDVUV":109.480003,"USDWST":2.592904,"USDXAF":614.090027,"USDXAG":0.058685,"USDXAU":0.00083,"USDXCD":2.703604,"USDXDR":0.742118,"USDXOF":626.750364,"USDXPF":111.470001,"USDYER":249.949997,"USDZAR":13.149037,"USDZMK":5156.103591,"USDZMW":9.580363,"USDZWL":322.355011}}